Timestamp,Open,High,Low,Close,Volume
1588635540.0,8865.51,8866.87,8852.85,8859.89,22.10363961
1588635600.0,8859.9,8860.73,8853.1,8855.68,4.8330691
1588635660.0,8857.11,8865.13,8857.11,8864.93,5.00458809
1588635720.0,8863.35,8863.36,8863.35,8863.36,1.0005
1588635780.0,8856.27,8866.06,8856.27,8866.06,7.87307039
1588635840.0,8865.7,8870.02,8861.02,8867.7,7.35942678
1588635900.0,8863.31,8876.13,8863.31,8876.13,0.62875385
1588635960.0,8869.11,8876.23,8869.1,8876.23,1.13027416
1588636020.0,8874.61,8880.57,8869.11,8869.11,3.4913735
1588636080.0,8872.73,8872.73,8872.73,8872.73,0.07321325
1588636140.0,8869.11,8871.27,8861.86,8864.26,0.08540361
1588636200.0,8865.3,8866.11,8854.1,8855.0,0.32916464
1588636260.0,8856.3,8856.87,8839.73,8843.61,11.27862837
1588636320.0,8847.43,8851.9,8843.62,8849.38,17.41474957
1588636380.0,8838.75,8847.25,8820.09,8820.09,4.57848055
1588636440.0,8825.0,8831.8,8820.56,8831.25,16.40438783
1588636500.0,8831.16,8834.44,8825.97,8829.07,3.62860374
1588636560.0,8829.0,8834.69,8828.16,8834.69,0.71154395
1588636620.0,8831.02,8838.02,8830.04,8838.02,0.31967718
1588636680.0,8838.02,8838.41,8833.66,8838.41,0.89170268
1588636740.0,8838.61,8846.86,8836.99,8846.86,1.72667076
1588636800.0,8846.86,8873.31,8846.86,8861.52,5.31908946
1588636860.0,8860.04,8876.05,8860.04,8876.05,1.33879219
1588636920.0,8873.47,8873.47,8867.51,8867.92,1.26763244
1588636980.0,8859.64,8873.05,8859.64,8865.47,0.13985512
1588637040.0,8871.5,8871.5,8866.77,8866.88,1.01211156
1588637100.0,8866.89,8876.71,8862.45,8876.4,8.0655187
1588637160.0,8876.68,8876.71,8870.19,8870.5,1.74631728
1588637220.0,8867.96,8873.0,8867.96,8873.0,2.24085439
1588637280.0,8875.28,8875.28,8868.18,8873.5,3.05250046
1588637340.0,8873.5,8878.61,8869.88,8869.88,0.40420877
1588637400.0,8867.85,8875.05,8865.96,8875.02,7.78403498
1588637460.0,8872.14,8872.14,8866.32,8871.21,0.21377803
1588637520.0,8873.64,8873.64,8870.51,8870.51,0.00594657
1588637580.0,8870.51,8873.65,8867.06,8872.72,1.04760991
1588637640.0,8873.66,8875.49,8872.72,8872.72,0.87677539
1588637700.0,8869.46,8874.12,8868.87,8870.0,6.44074718
1588637760.0,8870.0,8870.0,8859.56,8860.0,8.75941509
1588637820.0,8860.0,8866.94,8857.95,8866.94,2.20574348
1588637880.0,8866.94,8866.94,8864.01,8864.01,0.15012164
1588637940.0,8866.17,8881.67,8866.17,8881.67,1.94562728
1588638000.0,8879.28,8884.49,8879.28,8884.49,0.13036621
1588638060.0,8880.2,8886.75,8880.2,8884.44,0.27869887
1588638120.0,8880.29,8891.59,8880.29,8891.59,1.10510715
1588638180.0,8893.16,8893.16,8883.24,8889.54,8.64186912
1588638240.0,8889.51,8890.3,8883.24,8883.88,0.25666076
1588638300.0,8884.5,8891.93,8884.5,8891.93,0.23793668
1588638360.0,8887.4,8893.56,8886.76,8887.7,14.7354765
1588638420.0,8888.82,8894.35,8888.39,8894.35,0.50836898
1588638480.0,8888.25,8888.25,8868.93,8876.87,9.34130967
1588638540.0,8874.59,8883.96,8873.45,8879.58,7.42937414
1588638600.0,8874.56,8879.72,8874.56,8879.72,5.11743206
1588638660.0,8876.14,8892.06,8876.14,8892.06,1.84158073
1588638720.0,8892.1,8894.99,8886.71,8888.93,0.34486002
1588638780.0,8894.96,8894.96,8888.19,8894.96,0.37012945
1588638840.0,8894.96,8900.0,8891.98,8900.0,2.13116801
1588638900.0,8900.0,8908.74,8896.84,8902.94,1.88564511
1588638960.0,8909.73,8915.31,8897.83,8897.83,12.97079432
1588639020.0,8890.28,8905.47,8890.28,8905.32,16.98529465
1588639080.0,8905.38,8912.34,8905.38,8912.34,0.31420735
1588639140.0,8906.69,8919.13,8906.69,8919.13,12.79982409
1588639200.0,8916.73,8919.14,8914.18,8914.18,4.72422354
1588639260.0,8915.58,8915.58,8903.81,8910.62,3.11462537
1588639320.0,8910.64,8922.8,8910.64,8922.8,0.44370064
1588639380.0,8923.0,8937.22,8919.64,8934.28,17.76301584
1588639440.0,8927.12,8939.98,8927.12,8939.33,6.81072106
1588639500.0,8926.33,8934.19,8918.78,8933.98,5.43997498
1588639560.0,8939.11,8939.75,8928.88,8939.75,0.39661686
1588639620.0,8932.65,8939.98,8932.65,8939.9,0.51582136
1588639680.0,8931.76,8939.0,8920.0,8928.15,11.30395051
1588639740.0,8920.1,8920.1,8910.0,8914.24,2.87990536
1588639800.0,8924.93,8924.93,8911.8,8911.8,1.41027791
1588639860.0,8907.66,8911.79,8901.7,8909.63,1.13427131
1588639920.0,8902.33,8909.67,8901.77,8909.57,0.23434327
1588639980.0,8909.02,8920.0,8909.02,8918.6,4.75099499
1588640040.0,8922.69,8922.69,8922.69,8922.69,0.05582077
1588640100.0,8925.52,8937.39,8925.36,8937.39,0.79410917
1588640160.0,8924.95,8937.34,8924.95,8925.0,1.08178841
1588640220.0,8931.4,8931.5,8925.1,8928.07,4.04100401
1588640280.0,8930.65,8939.0,8930.65,8939.0,6.58926425
1588640340.0,8935.97,8940.0,8918.22,8918.22,15.68843937
1588640400.0,8918.22,8944.52,8918.22,8933.24,1.86744145
1588640460.0,8940.0,8945.0,8931.62,8931.62,1.76820279
1588640520.0,8931.62,8939.32,8927.07,8939.32,3.34094956
1588640580.0,8938.12,8940.41,8925.78,8940.38,0.35820394
1588640640.0,8935.0,8941.34,8924.99,8925.76,26.06785012
1588640700.0,8928.91,8939.92,8928.91,8939.92,3.06785053
1588640760.0,8939.91,8939.92,8933.18,8939.92,0.50571621
1588640820.0,8934.28,8934.6,8934.28,8934.6,0.19095573
1588640880.0,8934.83,8944.61,8934.83,8944.44,0.43716061
1588640940.0,8936.82,8948.0,8936.82,8948.0,6.77776269
1588641000.0,8948.0,8948.0,8937.97,8940.18,0.58418664
1588641060.0,8947.91,8948.0,8940.38,8948.0,2.40441903
1588641120.0,8948.0,8957.0,8943.87,8957.0,6.90340821
1588641180.0,8956.36,8961.98,8956.25,8960.13,0.17506597
1588641240.0,8956.25,8959.9,8941.01,8950.02,21.19886058
1588641300.0,8948.08,8948.08,8917.3,8921.7,14.64229363
1588641360.0,8932.79,8932.79,8930.03,8930.03,1.05683633
1588641420.0,8927.8,8935.83,8926.81,8926.81,0.68006277
1588641480.0,8923.11,8932.71,8905.0,8925.18,2.28286659
1588641540.0,8913.29,8918.89,8908.42,8918.89,0.4335144
1588641600.0,8912.01,8920.29,8912.01,8920.29,1.33536894
1588641660.0,8920.29,8923.18,8914.16,8923.18,7.85302744
1588641720.0,8923.2,8925.06,8916.25,8923.2,4.10193379
1588641780.0,8922.13,8922.13,8915.0,8915.0,0.02704313
1588641840.0,8915.01,8921.84,8910.33,8910.33,2.50246191
1588641900.0,8905.01,8911.5,8900.11,8900.11,0.78677451
1588641960.0,8900.27,8910.7,8900.12,8910.7,0.39820862
1588642020.0,8904.23,8923.49,8904.23,8921.98,10.50017465
1588642080.0,8925.99,8925.99,8918.49,8918.49,0.05408123
1588642140.0,8928.93,8928.93,8915.22,8915.22,1.25951036
1588642200.0,8926.19,8926.19,8915.0,8918.97,2.86757219
1588642260.0,8910.85,8915.54,8910.0,8910.0,10.05310541
1588642320.0,8910.0,8912.35,8903.42,8903.42,11.59824817
1588642380.0,8903.42,8907.37,8900.22,8901.21,1.30648697
1588642440.0,8900.24,8900.24,8894.27,8894.27,10.67638521
1588642500.0,8901.0,8906.02,8901.0,8901.0,21.3399796
1588642560.0,8901.01,8910.42,8901.01,8902.56,4.3635618
1588642620.0,8904.71,8922.95,8904.71,8912.93,0.70687332
1588642680.0,8919.17,8919.87,8919.17,8919.87,0.07266541
1588642740.0,8923.14,8934.71,8923.14,8926.26,4.54062288
1588642800.0,8928.61,8935.14,8926.41,8926.41,0.76581663
1588642860.0,8930.29,8930.29,8913.87,8923.35,0.33368678
1588642920.0,8923.23,8923.49,8923.07,8923.49,0.6600596
1588642980.0,8912.89,8932.69,8912.89,8932.69,0.39370126
1588643040.0,8932.38,8932.75,8922.45,8932.12,0.93842856
1588643100.0,8925.09,8933.37,8925.09,8926.42,0.01710593
1588643160.0,8927.81,8930.34,8927.81,8930.34,0.31350129
1588643220.0,8923.35,8923.35,8919.99,8919.99,0.05261089
1588643280.0,8929.39,8933.74,8929.39,8933.74,1.2015883
1588643340.0,8923.01,8936.72,8921.27,8936.72,0.85405559
1588643400.0,8923.91,8935.25,8923.91,8926.11,0.45401022
1588643460.0,8928.18,8928.18,8926.92,8927.51,0.02490138
1588643520.0,8938.52,8938.53,8933.05,8933.05,1.21586309
1588643580.0,8938.53,8938.53,8927.76,8930.77,0.16549413
1588643640.0,8934.16,8944.5,8934.16,8943.67,0.50714778
1588643700.0,8944.44,8959.4,8941.92,8959.4,5.87689417
1588643760.0,8956.42,8956.59,8945.96,8948.92,0.75250144
1588643820.0,8954.15,8958.25,8951.72,8958.25,0.76310522
1588643880.0,8958.25,8958.25,8951.86,8957.18,0.2907415
1588643940.0,8957.04,8960.07,8949.98,8952.38,3.73065339
1588644000.0,8957.02,8970.28,8957.02,8970.28,29.94130523
1588644060.0,8970.0,8974.34,8963.69,8963.69,3.57715095
1588644120.0,8969.07,8969.07,8954.75,8954.75,146.63952176
1588644180.0,8953.59,8957.63,8943.01,8949.61,9.88391793
1588644240.0,8952.75,8952.75,8941.92,8941.92,0.25881653
1588644300.0,8944.46,8946.69,8940.5,8944.25,3.73808212
1588644360.0,8944.31,8944.31,8938.56,8938.56,0.01665329
1588644420.0,8938.46,8945.45,8931.31,8944.93,0.4622317
1588644480.0,8944.93,8952.03,8944.23,8944.23,2.38174353
1588644540.0,8942.95,8950.39,8942.95,8944.23,0.2185517
1588644600.0,8944.33,8950.81,8941.97,8941.97,1.96881853
1588644660.0,8936.59,8944.01,8934.54,8939.63,0.32792582
1588644720.0,8939.64,8939.66,8930.75,8930.75,3.00675949
1588644780.0,8928.97,8938.05,8924.42,8934.18,4.09727062
1588644840.0,8925.24,8940.3,8925.24,8930.94,5.79042055
1588644900.0,8931.84,8938.78,8931.84,8931.98,0.02882283
1588644960.0,8933.35,8942.36,8933.35,8942.36,7.39678953
1588645020.0,8944.57,8946.77,8939.11,8943.21,2.50401645
1588645080.0,8943.21,8954.68,8940.78,8954.68,20.30193412
1588645140.0,8949.21,8954.41,8948.66,8948.66,2.87642162
1588645200.0,8950.26,8955.67,8940.37,8950.59,8.12358708
1588645260.0,8945.09,8956.07,8944.66,8949.09,26.07486297
1588645320.0,8957.82,8957.82,8957.82,8957.82,0.01052057
1588645380.0,8949.3,8955.02,8946.71,8955.02,0.04785973
1588645440.0,8950.89,8950.89,8945.83,8945.83,3.09458343
1588645500.0,8948.31,8948.31,8939.81,8940.1,0.23463936
1588645560.0,8940.0,8951.99,8935.85,8951.99,8.08576055
1588645620.0,8947.53,8952.01,8947.42,8947.52,0.36243072
1588645680.0,8953.06,8953.06,8945.0,8947.52,0.28759354
1588645740.0,8948.91,8948.91,8931.95,8940.43,18.20880162
1588645800.0,8944.02,8947.42,8941.35,8946.25,6.66600457
1588645860.0,8946.25,8946.25,8935.2,8935.7,6.53417135
1588645920.0,8935.91,8938.62,8932.59,8938.62,3.11677187
1588645980.0,8929.63,8930.22,8920.34,8920.34,3.44135402
1588646040.0,8917.7,8922.94,8912.35,8913.64,7.43001071
1588646100.0,8913.64,8922.56,8913.64,8914.26,23.9123063
1588646160.0,8910.47,8911.79,8903.42,8903.65,6.79427599
1588646220.0,8905.65,8905.65,8869.48,8901.88,105.7975796
1588646280.0,8901.9,8910.62,8901.9,8910.51,5.8497432
1588646340.0,8913.58,8917.13,8911.42,8911.53,6.27452563
1588646400.0,8919.3,8924.57,8915.4,8923.5,8.0810132
1588646460.0,8919.38,8925.0,8908.16,8920.59,11.72660201
1588646520.0,8918.99,8923.29,8916.67,8923.29,6.83342427
1588646580.0,8918.62,8926.04,8913.09,8919.01,5.63517143
1588646640.0,8922.1,8924.01,8922.1,8924.01,7.91958415
1588646700.0,8923.83,8930.24,8922.63,8925.75,5.42817259
1588646760.0,8921.91,8921.91,8911.08,8914.8,9.17217309
1588646820.0,8909.57,8912.63,8900.0,8912.63,103.32599824
1588646880.0,8911.89,8926.08,8911.89,8926.08,19.5405443
1588646940.0,8924.78,8924.78,8906.83,8906.83,1.92538992
1588647000.0,8913.3,8913.33,8900.35,8900.35,11.96541171
1588647060.0,8901.6,8909.02,8896.25,8905.15,26.75162556
1588647120.0,8898.38,8900.64,8893.83,8899.89,4.1690304
1588647180.0,8906.01,8906.55,8902.24,8904.67,2.69457324
1588647240.0,8912.61,8913.57,8905.94,8912.82,0.22689132
1588647300.0,8905.97,8906.49,8898.55,8900.11,0.55917709
1588647360.0,8900.11,8901.71,8892.69,8899.79,5.50225522
1588647420.0,8888.89,8890.05,8868.99,8882.63,11.6733963
1588647480.0,8886.64,8893.1,8879.34,8879.34,1.26761328
1588647540.0,8873.89,8890.79,8873.89,8882.66,31.04306739
1588647600.0,8880.38,8893.3,8880.38,8884.62,6.01429202
1588647660.0,8886.59,8886.63,8882.23,8886.63,0.90088588
1588647720.0,8885.73,8901.26,8885.73,8901.26,9.57670918
1588647780.0,8904.21,8909.7,8901.58,8903.0,2.84326425
1588647840.0,8898.16,8904.66,8898.16,8901.18,7.47686197
1588647900.0,8905.49,8915.64,8905.49,8915.64,1.64430073
1588647960.0,8909.15,8909.2,8903.17,8907.1,0.09634112
1588648020.0,8910.75,8910.75,8903.8,8907.35,0.2447959
1588648080.0,8907.4,8914.25,8907.4,8914.25,4.90578433
1588648140.0,8907.19,8907.19,8907.19,8907.19,0.01531936
1588648200.0,8905.4,8913.01,8900.05,8900.05,0.17776058
1588648260.0,8899.03,8901.69,8894.88,8894.88,3.43792354
1588648320.0,8900.0,8915.85,8899.9,8915.85,80.86312674
1588648380.0,8913.6,8913.6,8909.8,8912.12,14.95666397
1588648440.0,8912.12,8921.6,8912.12,8914.29,0.50812485
1588648500.0,8922.07,8922.07,8915.0,8915.52,3.59751744
1588648560.0,8914.51,8920.23,8910.55,8920.23,0.29729284
1588648620.0,8920.22,8921.77,8904.63,8904.63,1.27230474
1588648680.0,8902.68,8914.03,8902.68,8914.03,3.30628405
1588648740.0,8909.25,8918.74,8909.25,8911.49,0.21381097
1588648800.0,8910.61,8918.12,8910.61,8913.54,4.23414878
1588648860.0,8908.56,8908.56,8908.56,8908.56,0.013503
1588648920.0,8895.7,8895.7,8895.32,8895.32,0.10123559
1588648980.0,8902.17,8902.2,8894.07,8902.2,1.24920036
1588649040.0,8902.2,8906.57,8897.65,8906.57,12.94789228
1588649100.0,8896.78,8902.43,8896.78,8897.86,6.90198348
1588649160.0,8900.71,8902.4,8880.28,8902.4,18.17778406
1588649220.0,8898.65,8902.83,8895.42,8895.42,3.23744655
1588649280.0,8899.27,8901.33,8880.0,8898.03,20.60253748
1588649340.0,8900.25,8900.25,8879.19,8885.8,1.8681448
1588649400.0,8876.24,8876.87,8841.21,8849.4,55.65600771
1588649460.0,8846.96,8870.29,8838.52,8869.17,39.36040477
1588649520.0,8858.61,8863.83,8856.51,8863.62,0.8445222
1588649580.0,8865.0,8876.63,8865.0,8867.25,9.62149647
1588649640.0,8855.96,8863.35,8855.96,8863.35,0.01600903
1588649700.0,8864.7,8872.25,8864.7,8872.22,8.38421823
1588649760.0,8867.43,8872.31,8862.96,8862.96,2.94103217
1588649820.0,8856.5,8860.46,8847.1,8854.32,18.05471829
1588649880.0,8844.61,8853.02,8844.61,8852.98,21.09377977
1588649940.0,8855.44,8865.38,8855.44,8862.72,2.12562362
1588650000.0,8857.45,8861.53,8845.05,8859.7,3.05579428
1588650060.0,8859.73,8871.99,8859.7,8871.99,8.63650483
1588650120.0,8871.99,8880.19,8866.35,8873.61,10.46131932
1588650180.0,8865.9,8865.9,8857.48,8864.51,12.12830869
1588650240.0,8859.62,8866.02,8857.36,8858.16,36.58080952
1588650300.0,8868.49,8868.49,8852.42,8852.57,7.89134983
1588650360.0,8857.7,8860.61,8851.23,8851.23,7.52378799
1588650420.0,8850.56,8853.73,8843.83,8847.64,74.80434161
1588650480.0,8848.53,8856.6,8848.53,8856.6,3.12987989
1588650540.0,8852.43,8888.2,8852.43,8881.42,50.22388035
1588650600.0,8883.88,8889.08,8883.75,8889.08,2.90333008
1588650660.0,8886.32,8888.51,8880.14,8888.51,2.79983111
1588650720.0,8889.58,8900.0,8882.67,8900.0,72.91343336
1588650780.0,8900.0,8900.0,8890.73,8899.29,5.11966339
1588650840.0,8903.3,8905.12,8893.07,8905.12,2.05518698
1588650900.0,8900.0,8905.82,8900.0,8905.4,0.10730855
1588650960.0,8905.82,8905.82,8890.61,8890.61,1.8972766
1588651020.0,8882.77,8891.43,8877.73,8889.85,0.12457687
1588651080.0,8877.69,8886.05,8877.69,8881.75,2.66370224
1588651140.0,8891.53,8891.53,8882.87,8882.87,6.3934969
1588651200.0,8889.24,8897.69,8889.24,8897.69,6.27126846
1588651260.0,8894.57,8912.01,8894.57,8908.16,5.62291357
1588651320.0,8909.52,8921.0,8909.52,8915.91,1.70634575
1588651380.0,8912.39,8920.64,8912.39,8912.71,0.13627029
1588651440.0,8919.86,8926.29,8914.1,8922.42,4.05188973
1588651500.0,8913.71,8913.71,8905.73,8905.73,3.36786609
1588651560.0,8909.84,8920.73,8909.84,8920.73,3.26528557
1588651620.0,8914.37,8914.37,8907.17,8914.1,17.64400128
1588651680.0,8919.64,8919.71,8919.64,8919.71,0.44025055
1588651740.0,8916.66,8930.8,8916.66,8930.8,8.99369323
1588651800.0,8923.81,8934.56,8923.81,8934.56,5.20910135
1588651860.0,8932.54,8932.64,8927.16,8932.64,6.84777219
1588651920.0,8932.7,8935.02,8929.24,8929.67,7.10041456
1588651980.0,8928.27,8929.4,8922.24,8922.24,20.38051177
1588652040.0,8922.46,8930.18,8919.97,8919.97,88.16887187
1588652100.0,8916.46,8929.92,8916.46,8922.51,0.0978856
1588652160.0,8923.25,8923.25,8919.32,8919.32,0.169308
1588652220.0,8914.62,8914.62,8905.79,8905.9,2.52562903
1588652280.0,8907.11,8907.11,8891.03,8902.56,15.68791885
1588652340.0,8889.31,8899.94,8885.01,8885.01,0.27162378
1588652400.0,8886.87,8893.67,8886.87,8892.02,5.77768997
1588652460.0,8886.87,8890.78,8870.25,8880.17,14.86567817
1588652520.0,8880.2,8891.15,8880.2,8885.32,7.04359416
1588652580.0,8886.19,8897.04,8886.19,8895.1,10.79750448
1588652640.0,8905.62,8908.56,8897.76,8908.56,0.11880895
1588652700.0,8907.21,8907.35,8892.52,8894.05,18.74397291
1588652760.0,8891.38,8891.38,8878.25,8884.26,18.38862173
1588652820.0,8884.66,8885.28,8875.73,8875.73,2.94397911
1588652880.0,8881.06,8881.06,8865.0,8870.41,7.55447034
1588652940.0,8875.15,8877.91,8868.25,8873.78,4.31425336
1588653000.0,8882.58,8882.58,8869.63,8871.62,8.8742574
1588653060.0,8865.0,8865.22,8849.3,8849.3,7.045413
1588653120.0,8861.29,8870.76,8860.52,8860.52,4.48686726
1588653180.0,8865.08,8865.08,8853.57,8862.26,4.0514808
1588653240.0,8872.97,8876.46,8872.97,8876.46,0.08137465
1588653300.0,8875.47,8877.36,8865.66,8877.36,0.22945567
1588653360.0,8888.37,8890.94,8888.37,8890.94,0.29329788
1588653420.0,8883.8,8890.84,8875.29,8890.23,0.4059519
1588653480.0,8885.0,8885.0,8883.35,8884.38,1.04674735
1588653540.0,8876.84,8886.81,8876.84,8886.78,5.0879795
1588653600.0,8879.35,8889.8,8879.35,8889.8,3.55647052
1588653660.0,8887.64,8891.52,8882.93,8891.52,2.13878628
1588653720.0,8895.0,8895.0,8892.25,8892.25,1.01023693
1588653780.0,8899.51,8899.51,8880.52,8880.93,2.54617336
1588653840.0,8894.97,8894.97,8892.85,8892.85,1.53970369
1588653900.0,8885.52,8898.64,8885.52,8891.48,0.31299785
1588653960.0,8890.7,8897.62,8888.49,8890.0,1.0246332
1588654020.0,8888.53,8889.58,8888.53,8888.95,0.027287
1588654080.0,8894.55,8894.55,8894.55,8894.55,0.00556554
1588654140.0,8894.55,8894.55,8886.38,8888.29,0.16748972
1588654200.0,8890.36,8896.28,8890.36,8896.28,5.42947265
1588654260.0,8898.5,8900.0,8894.88,8898.18,3.79669379
1588654320.0,8898.22,8903.11,8895.24,8903.11,4.83941221
1588654380.0,8903.11,8905.0,8898.28,8898.39,0.62424403
1588654440.0,8905.0,8905.0,8904.9,8904.9,0.02697748
1588654500.0,8902.04,8904.99,8893.52,8901.67,0.31303432
1588654560.0,8894.41,8909.32,8894.41,8909.32,0.12802264
1588654620.0,8904.03,8913.72,8904.03,8909.54,1.50214095
1588654680.0,8909.54,8913.36,8904.48,8912.77,0.19037164
1588654740.0,8906.06,8913.15,8906.06,8909.36,6.95603449
1588654800.0,8913.32,8913.44,8907.61,8907.61,2.86434128
1588654860.0,8904.69,8904.69,8886.92,8894.64,7.11777191
1588654920.0,8898.08,8898.08,8897.55,8897.55,0.01822511
1588654980.0,8890.33,8890.33,8877.89,8888.86,0.1563358
1588655040.0,8879.7,8888.85,8874.07,8874.07,0.21393041
1588655100.0,8876.04,8881.85,8874.21,8880.39,7.66890841
1588655160.0,8887.29,8891.8,8887.29,8891.76,2.46888026
1588655220.0,8887.93,8888.08,8879.84,8883.98,0.21561524
1588655280.0,8888.53,8888.61,8888.22,8888.22,9.99548132
1588655340.0,8884.18,8884.73,8874.32,8874.32,4.25908349
1588655400.0,8881.78,8881.78,8874.0,8874.0,0.21585034
1588655460.0,8871.56,8874.27,8864.45,8868.6,4.67733827
1588655520.0,8868.5,8871.09,8860.68,8871.09,19.53440951
1588655580.0,8883.05,8883.05,8871.97,8873.49,0.09036915
1588655640.0,8873.49,8886.39,8872.21,8886.39,15.21021577
1588655700.0,8881.52,8881.52,8873.41,8879.35,1.59352896
1588655760.0,8880.79,8881.97,8880.79,8881.97,0.00751377
1588655820.0,8875.9,8880.07,8872.64,8877.04,0.67321411
1588655880.0,8876.85,8878.94,8874.59,8874.59,0.39397741
1588655940.0,8874.59,8874.59,8862.66,8862.66,0.16163872
1588656000.0,8873.75,8873.75,8866.57,8873.25,0.05801946
1588656060.0,8873.39,8874.11,8865.9,8874.11,0.05729204
1588656120.0,8874.4,8878.83,8870.72,8878.83,1.70804575
1588656180.0,8878.48,8880.15,8871.26,8871.26,2.05215739
1588656240.0,8874.24,8881.68,8874.24,8874.24,0.1463042
1588656300.0,8871.75,8877.03,8863.75,8863.75,4.55415772
1588656360.0,8863.75,8867.42,8852.01,8854.11,4.82140999
1588656420.0,8852.65,8862.76,8852.65,8857.7,0.30086528
1588656480.0,8871.15,8871.16,8871.15,8871.16,0.69553663
1588656540.0,8871.16,8875.44,8865.85,8874.48,1.54613647
1588656600.0,8877.19,8877.19,8866.65,8866.67,1.20175337
1588656660.0,8865.3,8865.3,8849.31,8849.31,12.4068532
1588656720.0,8849.31,8856.32,8848.39,8856.32,0.86264674
1588656780.0,8858.81,8860.34,8853.15,8855.66,1.56468746
1588656840.0,8855.66,8859.84,8850.42,8859.84,0.30010066
1588656900.0,8849.13,8856.47,8838.86,8847.14,30.39703363
1588656960.0,8857.94,8867.29,8857.94,8863.85,11.35626763
1588657020.0,8868.45,8868.45,8855.76,8855.76,0.38574974
1588657080.0,8856.24,8856.24,8856.23,8856.23,1.0
1588657140.0,8867.13,8867.13,8854.38,8862.61,0.16778897
1588657200.0,8855.74,8856.23,8855.74,8856.23,0.13016
1588657260.0,8859.85,8878.29,8859.85,8870.66,10.91771027
1588657320.0,8880.1,8880.1,8871.57,8874.17,0.43829817
1588657380.0,8882.39,8884.82,8879.37,8880.1,2.75074664
1588657440.0,8884.6,8886.98,8875.88,8886.95,4.79633593
1588657500.0,8882.17,8896.05,8882.17,8888.94,0.86925834
1588657560.0,8891.42,8897.11,8890.3,8891.18,0.73964489
1588657620.0,8893.15,8893.15,8892.29,8892.39,0.02026946
1588657680.0,8890.72,8890.72,8890.72,8890.72,0.11773376
1588657740.0,8886.29,8886.96,8883.64,8886.93,0.19290189
1588657800.0,8886.93,8886.93,8880.71,8880.71,0.09125072
1588657860.0,8883.87,8883.87,8876.64,8876.64,0.0396271
1588657920.0,8887.29,8887.29,8880.8,8880.8,0.20904422
1588657980.0,8884.07,8884.07,8875.43,8875.54,0.55072595
1588658040.0,8880.95,8883.09,8878.25,8883.09,2.49444256
1588658100.0,8881.99,8885.0,8875.92,8875.92,0.7864269
1588658160.0,8882.99,8894.35,8882.18,8887.58,8.9402484
1588658220.0,8894.28,8904.26,8889.37,8889.48,13.49485769
1588658280.0,8886.58,8897.3,8886.58,8897.3,0.65290613
1588658340.0,8892.7,8900.7,8892.2,8892.2,1.57283228
1588658400.0,8894.13,8899.43,8894.13,8899.43,0.17576812
1588658460.0,8902.06,8902.06,8890.0,8890.0,0.35331185
1588658520.0,8892.84,8892.84,8892.1,8892.1,0.57967304
1588658580.0,8891.28,8892.93,8885.18,8885.18,4.05891215
1588658640.0,8883.91,8885.83,8883.91,8885.83,0.72839321
1588658700.0,8881.23,8881.23,8875.4,8876.58,0.09040956
1588658760.0,8880.91,8880.91,8880.91,8880.91,2.83379565
1588658820.0,8878.23,8886.91,8878.23,8880.1,4.64073965
1588658880.0,8886.2,8886.2,8876.35,8880.01,1.7499353
1588658940.0,8880.01,8880.03,8870.2,8877.08,0.52210984
1588659000.0,8870.63,8878.13,8870.63,8878.13,0.19887889
1588659060.0,8871.6,8886.39,8871.6,8882.6,1.11470932
1588659120.0,8876.75,8876.75,8876.75,8876.75,0.1
1588659180.0,8876.75,8876.75,8862.86,8862.86,0.0978376
1588659240.0,8870.15,8871.72,8869.51,8871.72,2.10308196
1588659300.0,8868.56,8871.26,8863.27,8863.27,3.40004357
1588659360.0,8869.49,8882.38,8869.49,8874.53,1.34438742
1588659420.0,8871.77,8882.83,8870.94,8882.83,0.05287419
1588659480.0,8875.82,8879.9,8870.94,8870.94,0.23726959
1588659540.0,8877.94,8877.94,8867.65,8867.65,0.02814587
1588659600.0,8868.01,8874.99,8868.01,8874.15,0.04250109
1588659660.0,8874.15,8877.8,8870.75,8870.75,0.2739937
1588659720.0,8865.78,8873.71,8865.73,8865.73,0.25957599
1588659780.0,8863.2,8869.02,8856.93,8856.93,0.0527643
1588659840.0,8864.72,8866.33,8856.88,8856.88,0.07966089
1588659900.0,8861.57,8861.57,8853.69,8853.69,0.12524435
1588659960.0,8850.64,8852.0,8848.17,8848.17,10.47352524
1588660020.0,8847.04,8850.33,8844.0,8847.89,0.8664522
1588660080.0,8856.52,8864.61,8856.52,8857.44,0.31197537
1588660140.0,8870.85,8873.46,8868.38,8868.38,0.24379745
1588660200.0,8877.48,8877.48,8871.06,8871.06,0.2392962
1588660260.0,8875.98,8877.77,8863.43,8863.43,3.57619337
1588660320.0,8862.24,8873.94,8862.24,8864.05,0.2374897
1588660380.0,8864.07,8864.07,8851.87,8851.87,0.26047392
1588660440.0,8851.87,8861.78,8851.87,8861.78,0.03943364
1588660500.0,8855.27,8857.84,8847.57,8848.0,0.65608289
1588660560.0,8854.31,8854.31,8834.56,8840.4,14.24244346
1588660620.0,8844.31,8854.67,8841.5,8848.23,10.48126464
1588660680.0,8848.7,8851.98,8846.99,8849.62,0.42661876
1588660740.0,8847.03,8855.46,8846.3,8855.46,0.49956517
1588660800.0,8849.78,8850.54,8844.6,8848.11,1.10664045
1588660860.0,8855.13,8857.73,8853.26,8853.26,0.11110627
1588660920.0,8859.6,8862.75,8853.8,8862.75,0.41964327
1588660980.0,8864.36,8871.19,8861.4,8871.19,0.67392046
1588661040.0,8863.11,8870.37,8863.11,8863.13,3.77015024
1588661100.0,8862.52,8863.77,8858.9,8858.9,0.21031584
1588661160.0,8858.9,8861.1,8853.81,8861.1,0.19584255
1588661220.0,8861.1,8861.1,8861.1,8861.1,0.0
1588661280.0,8856.35,8859.4,8853.5,8857.89,3.58504725
1588661340.0,8858.3,8858.3,8850.68,8850.68,0.30253201
1588661400.0,8844.96,8856.55,8844.96,8847.46,0.2909317
1588661460.0,8854.42,8854.42,8847.07,8852.82,0.08945317
1588661520.0,8848.08,8853.0,8848.08,8853.0,2.00675364
1588661580.0,8852.97,8855.8,8849.2,8853.84,2.18023375
1588661640.0,8847.4,8858.71,8847.4,8858.71,17.83809147
1588661700.0,8859.45,8859.45,8859.45,8859.45,0.01224821
1588661760.0,8861.62,8869.69,8860.06,8869.69,0.71781836
1588661820.0,8868.18,8875.66,8868.18,8875.66,0.57013635
1588661880.0,8867.94,8876.31,8867.94,8869.52,0.09314025
1588661940.0,8867.08,8873.58,8864.64,8865.72,3.94340149
1588662000.0,8863.49,8864.78,8852.58,8852.58,0.60645914
1588662060.0,8856.1,8858.31,8848.35,8848.81,3.82942292
1588662120.0,8842.63,8855.06,8842.63,8854.01,0.06543194
1588662180.0,8856.88,8857.77,8856.88,8857.77,0.44598023
1588662240.0,8849.53,8849.53,8847.75,8847.75,0.07122808
1588662300.0,8851.14,8858.13,8847.14,8858.13,0.0489361
1588662360.0,8849.8,8851.42,8849.8,8851.42,0.82815483
1588662420.0,8850.73,8851.34,8850.1,8850.1,2.5508099
1588662480.0,8849.66,8852.03,8842.66,8851.12,0.37333414
1588662540.0,8851.12,8851.12,8851.12,8851.12,0.0
1588662600.0,8853.71,8853.71,8849.03,8849.03,4.11936591
1588662660.0,8854.18,8854.18,8849.88,8849.88,0.34050804
1588662720.0,8843.03,8843.03,8833.08,8833.08,0.04683881
1588662780.0,8833.14,8842.67,8828.28,8836.53,13.12981149
1588662840.0,8830.8,8842.2,8827.81,8834.32,3.79328939
1588662900.0,8830.15,8830.15,8829.79,8829.79,0.55119699
1588662960.0,8835.28,8842.53,8835.25,8842.53,15.86195366
1588663020.0,8851.21,8859.88,8851.21,8851.5,4.38022333
1588663080.0,8853.1,8853.1,8853.1,8853.1,0.01366268
1588663140.0,8856.87,8863.96,8856.87,8858.21,1.00668088
1588663200.0,8861.97,8866.29,8856.36,8858.86,0.35177437
1588663260.0,8855.06,8855.07,8855.06,8855.07,0.1240181
1588663320.0,8857.17,8865.65,8855.03,8855.03,21.23636122
1588663380.0,8855.67,8858.19,8855.67,8858.19,0.1570489
1588663440.0,8862.96,8862.96,8851.86,8858.27,1.95893122
1588663500.0,8855.91,8858.32,8850.0,8851.6,1.57282552
1588663560.0,8853.97,8855.13,8853.97,8855.13,0.19183122
1588663620.0,8852.69,8859.05,8846.12,8855.78,10.41369488
1588663680.0,8849.53,8861.85,8849.53,8861.85,0.069849
1588663740.0,8864.0,8868.65,8858.62,8858.62,2.84922831
1588663800.0,8858.62,8859.59,8849.38,8853.22,0.26542199
1588663860.0,8859.59,8863.97,8857.21,8857.21,0.13184245
1588663920.0,8854.65,8867.23,8854.65,8867.23,0.04340768
1588663980.0,8867.16,8876.41,8862.76,8876.13,0.8302547
1588664040.0,8866.98,8873.29,8863.51,8868.96,2.31270258
1588664100.0,8875.69,8877.25,8870.88,8870.88,0.2697984
1588664160.0,8875.0,8880.0,8875.0,8880.0,0.46983313
1588664220.0,8871.83,8875.45,8870.0,8870.0,0.29853683
1588664280.0,8879.9,8879.9,8868.77,8878.53,0.36423858
1588664340.0,8877.53,8877.54,8873.82,8873.82,0.51433789
1588664400.0,8873.81,8873.81,8865.44,8872.92,1.11011128
1588664460.0,8868.5,8872.6,8866.25,8868.43,0.14484764
1588664520.0,8872.61,8879.49,8869.45,8869.45,5.54393725
1588664580.0,8869.45,8869.45,8869.45,8869.45,0.0
1588664640.0,8872.67,8878.58,8870.11,8878.58,1.88764451
1588664700.0,8871.85,8877.63,8871.85,8877.63,0.98189326
1588664760.0,8872.04,8881.37,8872.04,8881.37,10.32602864
1588664820.0,8882.36,8885.48,8877.17,8877.17,0.36730552
1588664880.0,8877.35,8883.74,8877.35,8877.35,0.0232717
1588664940.0,8887.26,8887.26,8887.26,8887.26,0.00606128
1588665000.0,8887.22,8887.22,8878.5,8878.5,0.53498497
1588665060.0,8883.17,8887.0,8883.17,8887.0,0.19661209
1588665120.0,8880.1,8887.0,8880.1,8887.0,0.01612202
1588665180.0,8887.0,8888.0,8880.35,8880.35,0.31417804
1588665240.0,8887.55,8887.55,8880.01,8886.81,1.15867916
1588665300.0,8880.89,8880.89,8879.98,8879.98,0.02463773
1588665360.0,8879.98,8886.79,8870.38,8870.38,9.78297412
1588665420.0,8867.94,8875.01,8863.95,8863.95,4.12848707
1588665480.0,8868.86,8873.14,8862.58,8864.4,12.15366488
1588665540.0,8868.95,8868.96,8864.01,8868.73,1.97985886
1588665600.0,8862.01,8868.55,8862.01,8868.55,3.30687579
1588665660.0,8868.31,8880.41,8868.31,8879.05,4.26318881
1588665720.0,8879.4,8879.94,8869.53,8876.03,0.58436207
1588665780.0,8877.68,8895.4,8877.68,8895.4,3.25539839
1588665840.0,8891.91,8915.0,8891.91,8906.19,18.27807529
1588665900.0,8906.89,8911.67,8900.37,8911.67,8.51948858
1588665960.0,8915.0,8915.0,8908.6,8914.96,0.79411689
1588666020.0,8918.42,8918.42,8918.42,8918.42,0.0056986
1588666080.0,8923.48,8935.0,8918.72,8935.0,14.64986633
1588666140.0,8939.94,8939.94,8932.63,8932.63,0.09010676
1588666200.0,8922.3,8922.3,8920.85,8920.85,0.01462076
1588666260.0,8920.67,8925.8,8920.51,8920.51,1.8606586
1588666320.0,8920.51,8932.71,8920.12,8932.71,6.80996989
1588666380.0,8931.96,8931.96,8930.0,8930.0,32.317602
1588666440.0,8930.0,8931.85,8921.46,8931.38,39.94126648
1588666500.0,8940.0,8941.09,8934.9,8941.09,5.03000097
1588666560.0,8932.74,8936.17,8928.68,8936.17,0.07086589
1588666620.0,8928.51,8931.62,8924.2,8926.0,0.72165951
1588666680.0,8923.32,8923.32,8914.1,8914.1,4.00794664
1588666740.0,8920.73,8920.73,8920.73,8920.73,0.1
1588666800.0,8921.89,8926.52,8915.98,8926.52,0.65930954
1588666860.0,8922.68,8925.87,8916.25,8925.87,6.24683156
1588666920.0,8920.32,8925.02,8920.32,8921.4,4.93597053
1588666980.0,8928.3,8931.73,8921.89,8921.89,0.44595983
1588667040.0,8922.96,8922.96,8918.06,8918.06,0.045
1588667100.0,8932.51,8932.53,8932.51,8932.53,9.8091242
1588667160.0,8932.53,8942.41,8932.53,8940.63,6.99094026
1588667220.0,8945.0,8949.31,8945.0,8949.31,4.15143585
1588667280.0,8947.97,8955.47,8946.1,8952.31,25.65563461
1588667340.0,8950.11,8950.11,8935.32,8935.32,13.07233915
1588667400.0,8939.01,8941.81,8938.98,8941.81,4.22044122
1588667460.0,8939.11,8944.39,8939.11,8944.39,6.68252247
1588667520.0,8944.57,8945.61,8940.18,8940.18,1.00287537
1588667580.0,8945.46,8953.81,8945.46,8952.06,14.69726633
1588667640.0,8947.45,8954.92,8944.99,8944.99,7.10828552
1588667700.0,8951.17,8951.17,8941.53,8949.66,7.19878205
1588667760.0,8949.21,8949.21,8929.02,8929.02,5.98141708
1588667820.0,8929.02,8929.47,8925.0,8925.02,3.35622515
1588667880.0,8925.02,8940.21,8925.02,8932.9,6.73137586
1588667940.0,8938.37,8938.37,8931.26,8934.65,0.22331453
1588668000.0,8934.65,8934.8,8933.5,8934.8,3.29039998
1588668060.0,8940.53,8949.72,8938.82,8949.72,3.64250881
1588668120.0,8941.6,8941.6,8940.67,8940.67,0.06479937
1588668180.0,8945.49,8945.49,8937.16,8937.16,3.63438815
1588668240.0,8940.04,8946.83,8938.52,8938.98,12.89632401
1588668300.0,8946.82,8953.4,8944.28,8950.0,1.91941188
1588668360.0,8957.6,8991.58,8952.2,8984.67,43.80862298
1588668420.0,8988.95,8988.95,8974.21,8985.89,10.59236943
1588668480.0,8993.05,9020.0,8993.05,9004.97,99.94552956
1588668540.0,9004.49,9012.46,8996.4,9000.89,23.89271609
1588668600.0,9001.54,9035.09,9001.53,9033.16,36.64466628
1588668660.0,9033.31,9057.0,9030.07,9057.0,30.57665771
1588668720.0,9059.32,9059.46,9035.34,9041.06,11.54482039
1588668780.0,9059.58,9086.06,9050.44,9072.18,51.01481345
1588668840.0,9071.79,9074.6,9052.24,9058.79,10.78713669
1588668900.0,9059.01,9088.88,9053.79,9081.35,23.9789021
1588668960.0,9088.88,9100.0,9066.22,9072.04,14.48948778
1588669020.0,9070.21,9076.47,9052.24,9058.07,30.36718683
1588669080.0,9057.33,9069.77,9050.43,9057.27,36.11445548
1588669140.0,9067.69,9067.69,9053.23,9053.68,6.09355519
1588669200.0,9067.69,9088.14,9067.69,9082.3,11.73181186
1588669260.0,9078.35,9084.34,9076.84,9076.84,0.55987581
1588669320.0,9076.28,9090.07,9072.05,9088.6,2.75673622
1588669380.0,9082.52,9107.0,9082.52,9096.81,5.49199456
1588669440.0,9102.03,9120.0,9092.06,9116.88,62.6861113
1588669500.0,9118.57,9120.0,9092.08,9092.08,29.33350449
1588669560.0,9083.94,9096.44,9077.12,9089.58,25.0061731
1588669620.0,9085.2,9096.69,9073.33,9083.27,7.70645945
1588669680.0,9083.27,9083.27,9060.94,9060.94,18.33239859
1588669740.0,9058.71,9077.66,9058.7,9077.66,0.56173994
1588669800.0,9078.09,9084.35,9074.66,9084.35,8.25224696
1588669860.0,9089.0,9098.63,9073.92,9073.92,7.11727369
1588669920.0,9072.19,9075.47,9064.43,9075.47,4.29869686
1588669980.0,9065.0,9069.7,9046.04,9053.7,20.47557067
1588670040.0,9053.7,9081.28,9049.33,9071.86,35.74263188
1588670100.0,9087.97,9094.81,9080.57,9085.61,5.32767823
1588670160.0,9081.16,9091.42,9077.09,9080.41,6.0148288
1588670220.0,9073.14,9080.92,9070.02,9070.02,5.38680121
1588670280.0,9077.86,9078.6,9069.03,9069.03,6.91242599
1588670340.0,9072.43,9072.43,9058.6,9058.6,0.05843405
1588670400.0,9056.15,9077.29,9056.15,9071.69,0.32781799
1588670460.0,9065.22,9072.3,9065.22,9072.18,2.13450446
1588670520.0,9072.77,9085.7,9068.7,9074.66,6.22011095
1588670580.0,9084.74,9086.8,9079.28,9079.28,4.32188174
1588670640.0,9079.28,9089.49,9075.5,9087.3,0.62498424
1588670700.0,9082.31,9082.31,9082.0,9082.0,0.90685683
1588670760.0,9074.96,9074.96,9050.94,9051.24,14.26530632
1588670820.0,9059.96,9059.96,9035.22,9043.55,50.71905629
1588670880.0,9046.55,9053.19,9039.77,9049.28,5.94037244
1588670940.0,9037.55,9042.77,9028.68,9029.48,12.24755212
1588671000.0,9040.59,9042.77,9030.89,9036.0,0.41222231
1588671060.0,9052.52,9055.85,9052.06,9052.06,4.50634383
1588671120.0,9042.65,9046.75,9036.73,9036.73,11.17719438
1588671180.0,9036.73,9037.99,9026.41,9026.41,19.05244835
1588671240.0,9031.27,9046.28,9018.4,9044.58,19.39559604
1588671300.0,9046.24,9052.9,9040.46,9044.79,9.94259564
1588671360.0,9040.4,9046.05,9038.01,9039.5,0.59012078
1588671420.0,9046.05,9056.1,9046.05,9056.1,3.02859678
1588671480.0,9049.29,9049.29,9033.84,9033.84,6.0840676
1588671540.0,9034.43,9045.38,9032.24,9032.24,0.45414633
1588671600.0,9035.0,9037.55,9025.01,9030.0,5.88608596
1588671660.0,9031.92,9040.51,9031.92,9037.37,1.62778699
1588671720.0,9031.26,9038.25,9029.67,9031.0,1.93807281
1588671780.0,9033.09,9041.59,9025.01,9041.59,5.87792643
1588671840.0,9034.9,9052.63,9034.9,9047.88,4.678005
1588671900.0,9046.46,9046.46,9041.16,9043.05,1.13758489
1588671960.0,9043.0,9047.57,9043.0,9047.51,5.09207269
1588672020.0,9041.0,9060.01,9041.0,9050.92,8.25300477
1588672080.0,9056.68,9062.03,9054.9,9062.03,0.13234441
1588672140.0,9057.2,9057.95,9041.0,9049.63,11.3051625
1588672200.0,9049.63,9049.65,9035.45,9041.29,10.50354222
1588672260.0,9041.28,9041.49,9039.38,9039.38,0.47334918
1588672320.0,9039.39,9044.82,9028.36,9037.09,0.34060691
1588672380.0,9025.0,9028.16,9023.21,9028.16,4.34426646
1588672440.0,9037.67,9038.27,8997.33,9001.69,25.28040125
1588672500.0,9018.25,9020.0,9018.25,9020.0,10.0
1588672560.0,9008.9,9023.74,9008.9,9023.74,9.87104361
1588672620.0,9015.31,9026.51,9015.31,9019.35,1.177093
1588672680.0,9024.19,9034.48,9024.19,9026.5,5.92331856
1588672740.0,9021.6,9033.75,9014.68,9014.68,10.12094047
1588672800.0,9025.88,9033.55,9024.86,9024.86,3.62460919
1588672860.0,9017.74,9029.94,9017.35,9028.63,1.12294274
1588672920.0,9037.78,9037.79,9026.19,9034.2,1.32031119
1588672980.0,9026.47,9037.14,9025.8,9032.64,2.10805892
1588673040.0,9039.24,9039.26,9027.1,9033.25,3.87654138
1588673100.0,9025.79,9033.98,9025.79,9033.98,0.42092923
1588673160.0,9029.69,9030.8,9029.69,9030.8,0.01731536
1588673220.0,9037.0,9045.97,9034.09,9034.1,5.99414706
1588673280.0,9037.72,9047.0,9037.72,9047.0,2.40144683
1588673340.0,9043.42,9056.76,9043.42,9050.91,18.05241774
1588673400.0,9043.32,9047.46,9043.32,9047.46,0.27915572
1588673460.0,9047.46,9053.97,9047.46,9051.86,0.2792684
1588673520.0,9051.73,9059.76,9048.37,9050.31,24.92925406
1588673580.0,9059.76,9063.39,9054.66,9054.66,1.62229105
1588673640.0,9063.08,9067.09,9054.13,9054.13,12.16286014
1588673700.0,9062.98,9062.98,9048.54,9048.54,0.7503278
1588673760.0,9040.43,9040.43,9035.17,9035.17,2.08755749
1588673820.0,9032.91,9036.54,9032.91,9036.54,0.46524273
1588673880.0,9035.97,9035.97,9035.97,9035.97,0.00704591
1588673940.0,9030.0,9030.0,9027.27,9027.27,2.10210875
1588674000.0,9029.02,9036.91,9026.5,9026.5,1.77852949
1588674060.0,9034.99,9035.29,9024.95,9024.98,3.12548653
1588674120.0,9036.35,9040.46,9019.48,9022.12,7.42417817
1588674180.0,9025.41,9038.28,9025.41,9038.28,0.07292404
1588674240.0,9029.55,9039.7,9029.55,9039.7,0.71244712
1588674300.0,9031.06,9032.36,9023.53,9023.53,0.82959318
1588674360.0,9023.64,9029.77,9023.64,9029.77,0.26790539
1588674420.0,9034.71,9034.71,9034.71,9034.71,0.006919
1588674480.0,9025.76,9034.71,9025.76,9034.71,0.14731037
1588674540.0,9028.91,9050.09,9028.91,9045.5,19.07607571
1588674600.0,9035.56,9052.01,9035.56,9043.71,0.22410408
1588674660.0,9042.49,9049.03,9039.48,9047.96,1.14417562
1588674720.0,9035.29,9042.55,9030.84,9034.79,1.40246755
1588674780.0,9034.84,9037.13,9029.97,9029.97,4.07780527
1588674840.0,9029.97,9029.97,9017.83,9029.09,4.69740414
1588674900.0,9023.37,9029.13,9015.0,9015.0,1.34425698
1588674960.0,9021.03,9025.55,9021.03,9025.55,0.26588734
1588675020.0,9019.57,9022.3,9006.98,9007.0,14.59537069
1588675080.0,9015.46,9020.25,9008.67,9013.97,0.3110269
1588675140.0,9009.82,9009.82,8983.18,8995.5,86.2169171
1588675200.0,8991.56,8998.78,8978.83,8998.78,1.8179521
1588675260.0,8993.13,8994.72,8987.47,8994.72,2.30703361
1588675320.0,9006.7,9018.0,8998.6,9001.14,12.35992231
1588675380.0,8998.39,9005.83,8995.68,9005.83,0.22039389
1588675440.0,8995.0,8998.82,8977.58,8977.58,7.25331691
1588675500.0,8975.0,8991.57,8975.0,8991.57,0.36322819
1588675560.0,8991.4,9000.88,8991.4,8995.77,18.04934127
1588675620.0,8993.26,8993.57,8993.26,8993.57,0.09564611
1588675680.0,8993.59,9006.44,8991.06,9006.44,2.44881905
1588675740.0,9006.44,9011.51,9004.37,9004.37,0.12118516
1588675800.0,9013.0,9016.78,9009.75,9016.78,18.82806695
1588675860.0,9015.45,9026.31,9012.97,9012.97,3.8478528
1588675920.0,9022.0,9022.0,9022.0,9022.0,0.7902948
1588675980.0,9016.33,9016.33,9016.33,9016.33,0.01623542
1588676040.0,9022.66,9022.66,9017.16,9017.16,2.01606067
1588676100.0,9017.63,9030.98,9017.63,9030.37,1.62456831
1588676160.0,9032.64,9033.0,9021.44,9021.44,0.49848538
1588676220.0,9027.09,9028.0,9022.24,9022.24,0.84725604
1588676280.0,9024.51,9024.51,9024.51,9024.51,0.0103986
1588676340.0,9030.63,9036.43,9028.87,9034.93,5.70492802
1588676400.0,9031.66,9032.41,9030.15,9032.41,1.984
1588676460.0,9034.68,9036.42,9028.42,9036.42,0.6591643
1588676520.0,9034.1,9050.54,9034.09,9043.02,3.10669689
1588676580.0,9049.0,9049.65,9035.27,9041.47,3.92249979
1588676640.0,9031.19,9040.64,9030.69,9040.64,2.13904357
1588676700.0,9039.65,9039.65,9025.08,9025.08,2.71726676
1588676760.0,9032.63,9033.58,9023.0,9031.22,0.43623604
1588676820.0,9020.0,9020.0,9020.0,9020.0,0.0102427
1588676880.0,9031.33,9031.33,9030.4,9030.4,0.04121736
1588676940.0,9030.4,9030.4,9030.34,9030.34,1.17668742
1588677000.0,9030.0,9044.23,9030.0,9044.23,1.56495216
1588677060.0,9044.33,9046.75,9041.17,9046.75,0.89917469
1588677120.0,9047.97,9047.97,9047.97,9047.97,0.06160011
1588677180.0,9050.71,9081.62,9050.71,9081.62,43.60868109
1588677240.0,9086.97,9086.97,9054.83,9062.01,44.87417175
1588677300.0,9074.06,9074.06,9057.79,9057.79,14.14989089
1588677360.0,9066.06,9066.06,9058.21,9063.58,9.63834134
1588677420.0,9055.07,9069.37,9054.0,9064.67,7.65139621
1588677480.0,9060.94,9060.94,9051.77,9055.2,0.56741652
1588677540.0,9055.53,9055.53,9044.83,9045.38,0.23386274
1588677600.0,9056.44,9056.66,9046.03,9055.95,4.40791487
1588677660.0,9058.03,9065.32,9056.63,9056.63,1.22430594
1588677720.0,9058.28,9060.38,9050.5,9060.38,2.47831644
1588677780.0,9053.41,9056.62,9050.95,9054.59,4.06079097
1588677840.0,9052.38,9052.38,9047.08,9052.35,0.32948307
1588677900.0,9060.49,9060.49,9048.24,9048.24,0.51283241
1588677960.0,9056.73,9056.73,9048.41,9048.41,0.32418662
1588678020.0,9054.61,9058.89,9046.36,9058.89,2.05544998
1588678080.0,9060.7,9060.7,9060.7,9060.7,0.73614351
1588678140.0,9059.64,9071.91,9059.64,9062.77,2.16240344
1588678200.0,9062.63,9072.2,9062.62,9062.62,0.75942945
1588678260.0,9062.62,9062.62,9052.03,9052.03,0.96208729
1588678320.0,9052.03,9057.15,9051.86,9051.86,2.79083022
1588678380.0,9050.3,9051.47,9045.32,9045.32,0.172
1588678440.0,9042.83,9057.22,9037.97,9049.29,15.12316358
1588678500.0,9041.41,9049.1,9039.12,9049.1,0.48887994
1588678560.0,9042.25,9048.33,9038.4,9038.4,0.62531419
1588678620.0,9038.69,9038.69,9025.18,9026.19,4.32250523
1588678680.0,9033.21,9045.7,9033.21,9045.7,20.4268144
1588678740.0,9041.8,9042.46,9033.23,9034.23,5.22567909
1588678800.0,9034.23,9058.52,9034.23,9056.36,39.95727635
1588678860.0,9060.0,9067.02,9059.9,9059.9,4.046
1588678920.0,9057.43,9058.4,9053.63,9053.63,2.8687018
1588678980.0,9063.08,9063.08,9055.88,9058.66,0.74470068
1588679040.0,9053.57,9065.87,9053.57,9062.74,3.17547593
1588679100.0,9054.01,9058.34,9054.01,9054.46,0.4163766
1588679160.0,9051.97,9053.07,9049.0,9053.07,0.52439193
1588679220.0,9050.71,9050.71,9044.29,9049.0,0.74976748
1588679280.0,9044.6,9047.87,9042.13,9046.23,0.4004603
1588679340.0,9046.23,9046.23,9046.23,9046.23,0.0
1588679400.0,9040.75,9050.48,9039.45,9050.48,9.55156292
1588679460.0,9043.53,9051.72,9043.53,9044.06,2.05948753
1588679520.0,9050.21,9053.4,9043.53,9044.23,12.06440693
1588679580.0,9047.85,9052.77,9047.85,9052.27,1.5781493
1588679640.0,9047.77,9048.1,9047.77,9048.1,0.19620249
1588679700.0,9050.0,9054.34,9046.86,9046.87,0.58791629
1588679760.0,9046.87,9053.39,9026.16,9034.25,14.81085921
1588679820.0,9024.24,9026.87,9011.0,9012.46,14.73465581
1588679880.0,9020.89,9029.73,9018.87,9018.87,0.94889339
1588679940.0,9017.11,9032.51,9017.11,9021.76,3.98964312
1588680000.0,9022.31,9024.04,9014.94,9014.94,2.26033005
1588680060.0,9015.65,9028.36,9014.79,9028.36,3.54622084
1588680120.0,9034.83,9041.79,9034.81,9034.81,1.03303841
1588680180.0,9037.88,9038.53,9030.0,9031.82,0.96579107
1588680240.0,9024.48,9024.48,9014.71,9016.03,2.64934413
1588680300.0,9023.98,9025.15,9023.98,9025.15,0.16768933
1588680360.0,9018.59,9018.68,9005.6,9015.3,0.57456616
1588680420.0,9011.82,9012.85,9008.44,9008.44,0.3567472
1588680480.0,9011.73,9018.75,9005.6,9005.6,0.34219245
1588680540.0,9009.5,9016.55,8995.78,9016.55,13.16264474
1588680600.0,9010.85,9018.74,9006.61,9018.1,1.30886036
1588680660.0,9010.84,9024.48,9008.9,9024.18,1.06449257
1588680720.0,9024.18,9024.53,9016.6,9019.46,9.89008164
1588680780.0,9021.95,9025.99,9018.13,9022.33,16.74299033
1588680840.0,9024.48,9024.48,9012.49,9018.81,5.72081737
1588680900.0,9014.3,9014.3,8999.02,8999.02,1.01533476
1588680960.0,9002.41,9017.43,8999.57,9007.93,4.34989665
1588681020.0,9009.86,9014.62,9003.6,9014.62,0.59706065
1588681080.0,9013.48,9018.03,9003.01,9006.1,2.29493769
1588681140.0,9003.82,9003.82,8987.61,8992.74,13.32084533
1588681200.0,8990.53,8990.53,8984.19,8990.0,10.20040784
1588681260.0,8991.73,9006.86,8991.73,9000.11,5.18972106
1588681320.0,9000.9,9016.42,9000.31,9016.42,0.16343868
1588681380.0,9009.46,9013.31,9003.33,9013.31,1.86480507
1588681440.0,9004.24,9007.28,9004.24,9007.28,1.06901923
1588681500.0,9007.81,9023.06,9007.8,9023.06,1.73771751
1588681560.0,9024.01,9025.96,9016.28,9023.06,24.23905383
1588681620.0,9023.52,9030.31,9015.4,9015.4,22.32172386
1588681680.0,9013.57,9027.91,9012.95,9015.53,6.07946504
1588681740.0,9017.91,9020.54,9017.91,9020.54,3.37877339
1588681800.0,9020.01,9020.01,9012.67,9016.88,8.60199881
1588681860.0,9013.9,9013.9,9000.0,9008.82,9.09414263
1588681920.0,9008.82,9013.56,9007.57,9013.56,1.87323191
1588681980.0,9006.33,9016.44,9006.33,9016.44,4.5296411
1588682040.0,9024.1,9031.42,9019.9,9031.42,23.77261837
1588682100.0,9025.79,9041.7,9025.78,9041.25,11.39161812
1588682160.0,9032.93,9043.79,9032.87,9037.0,1.75960991
1588682220.0,9037.0,9048.02,9034.42,9045.0,28.15251449
1588682280.0,9048.02,9048.21,9031.86,9038.01,2.61113103
1588682340.0,9034.0,9039.39,9029.29,9039.39,0.3241511
1588682400.0,9033.27,9037.72,9033.27,9035.0,0.53192702
1588682460.0,9037.26,9050.0,9030.2,9046.67,21.7363131
1588682520.0,9035.31,9036.3,9035.26,9035.26,0.02103793
1588682580.0,9035.2,9044.27,9035.19,9036.9,4.52743555
1588682640.0,9040.0,9042.17,9030.01,9030.01,3.63630861
1588682700.0,9042.99,9042.99,9029.17,9029.17,3.8030013
1588682760.0,9029.89,9029.9,9020.01,9028.24,4.7657158
1588682820.0,9021.41,9029.05,9020.0,9028.97,73.07005099
1588682880.0,9019.82,9028.23,9016.45,9016.45,0.12432448
1588682940.0,9014.9,9026.72,9014.9,9024.41,0.08391563
1588683000.0,9013.67,9014.2,9013.67,9014.2,1.86383224
1588683060.0,9023.57,9028.42,9019.34,9019.34,1.8175083
1588683120.0,9016.71,9033.65,9016.71,9033.65,0.58071332
1588683180.0,9029.84,9029.84,9019.34,9019.34,5.720321
1588683240.0,9020.14,9034.37,9020.14,9026.04,0.29386747
1588683300.0,9026.04,9032.64,9026.03,9026.03,0.79145124
1588683360.0,9032.98,9032.98,9026.06,9026.06,1.09431077
1588683420.0,9030.0,9032.52,9024.1,9024.1,20.16853023
1588683480.0,9028.0,9039.49,9025.21,9039.49,7.31450268
1588683540.0,9031.25,9040.56,9031.25,9040.56,3.13122479
1588683600.0,9044.73,9044.73,9027.15,9036.87,7.29560465
1588683660.0,9037.32,9037.32,9031.56,9031.56,4.52141461
1588683720.0,9025.0,9032.1,9022.61,9025.08,5.19948124
1588683780.0,9033.44,9037.32,9027.05,9030.08,5.28535922
1588683840.0,9028.79,9034.39,9022.48,9028.63,7.49284308
1588683900.0,9023.61,9029.15,9000.0,9004.99,188.42452123
1588683960.0,9008.39,9028.64,9008.19,9027.2,10.76998237
1588684020.0,9025.0,9025.51,9018.13,9018.13,0.60156446
1588684080.0,9023.48,9028.39,9019.97,9019.97,8.46572049
1588684140.0,9022.92,9023.36,9014.41,9023.36,3.28926303
1588684200.0,9017.25,9025.2,9017.25,9018.28,0.93394415
1588684260.0,9021.0,9021.78,9018.73,9021.78,2.23759666
1588684320.0,9021.78,9023.24,9006.75,9006.75,3.11767465
1588684380.0,9010.41,9010.49,9010.2,9010.2,4.7513235
1588684440.0,9006.49,9017.35,9006.18,9010.43,3.05899501
1588684500.0,9011.66,9015.94,9011.66,9015.94,1.68561896
1588684560.0,9019.3,9019.3,9012.9,9016.81,0.20915248
1588684620.0,9011.9,9013.0,9005.12,9013.0,0.613471
1588684680.0,9006.02,9006.02,8996.89,8996.99,10.52847292
1588684740.0,8999.37,9005.28,8999.37,9005.28,0.01237043
1588684800.0,8999.43,9007.62,8998.72,8999.44,1.69948187
1588684860.0,8996.99,8998.25,8996.99,8998.24,0.54118967
1588684920.0,8999.8,9017.97,8999.8,9013.45,7.50419417
1588684980.0,9011.7,9014.96,9005.37,9014.96,8.62640073
1588685040.0,9007.28,9015.46,9007.28,9009.32,1.78695836
1588685100.0,9015.29,9016.42,9009.32,9016.3,11.75841463
1588685160.0,9021.2,9038.97,9021.2,9029.76,35.63251328
1588685220.0,9035.08,9041.82,9035.08,9037.3,1.31190466
1588685280.0,9035.84,9053.49,9033.83,9049.91,12.69785537
1588685340.0,9054.92,9065.52,9044.54,9065.52,13.5232066
1588685400.0,9066.58,9066.58,9056.21,9057.34,0.52771211
1588685460.0,9058.19,9068.82,9058.19,9066.04,1.19189814
1588685520.0,9058.35,9062.06,9044.52,9056.78,8.22717618
1588685580.0,9051.4,9051.4,9043.0,9043.0,0.54363396
1588685640.0,9047.66,9055.03,9043.0,9044.3,1.79608205
1588685700.0,9043.04,9050.52,9040.0,9040.84,9.8435976
1588685760.0,9043.27,9050.03,9040.61,9050.03,1.89831127
1588685820.0,9050.0,9057.6,9050.0,9054.12,1.66762155
1588685880.0,9050.31,9056.98,9048.17,9056.12,53.0492951
1588685940.0,9048.34,9054.39,9047.06,9047.06,0.31315193
1588686000.0,9053.59,9064.12,9047.06,9062.0,16.27322876
1588686060.0,9064.79,9065.0,9058.03,9058.03,0.55469791
1588686120.0,9057.69,9064.99,9056.97,9058.33,2.598442
1588686180.0,9058.33,9080.0,9058.33,9080.0,27.74388339
1588686240.0,9079.99,9083.0,9071.9,9073.37,31.07386193
1588686300.0,9077.09,9077.25,9060.57,9060.57,7.52731263
1588686360.0,9064.14,9066.26,9056.67,9056.67,2.38045318
1588686420.0,9055.07,9067.38,9055.07,9066.92,1.639611
1588686480.0,9060.0,9063.21,9053.99,9063.21,0.51209185
1588686540.0,9055.4,9070.76,9055.4,9064.97,3.53449978
1588686600.0,9064.51,9064.51,9056.45,9060.51,0.61932675
1588686660.0,9057.81,9057.81,9044.91,9044.91,5.35634109
1588686720.0,9044.45,9049.22,9044.45,9049.21,0.57250454
1588686780.0,9048.21,9048.21,9039.4,9042.7,0.71312971
1588686840.0,9042.93,9042.93,9028.04,9028.28,0.54922487
1588686900.0,9031.71,9046.92,9031.71,9038.75,0.49717521
1588686960.0,9034.85,9046.61,9034.85,9046.61,1.89202349
1588687020.0,9039.07,9041.58,9023.21,9023.21,9.30408321
1588687080.0,9024.99,9029.59,9008.39,9009.2,16.01268197
1588687140.0,9005.61,9024.78,9000.32,9005.93,37.53447069
1588687200.0,9001.18,9007.42,8930.37,8946.13,124.07434301
1588687260.0,8943.33,8949.66,8820.05,8862.04,131.10441111
1588687320.0,8865.01,8913.74,8857.19,8911.35,62.16062991
1588687380.0,8900.8,8907.33,8887.51,8887.51,64.12625836
1588687440.0,8889.71,8892.38,8877.0,8892.37,8.59672218
1588687500.0,8880.0,8900.0,8878.96,8900.0,7.28393123
1588687560.0,8900.0,8915.0,8894.06,8909.62,29.16235934
1588687620.0,8914.72,8914.83,8888.28,8894.8,44.88067434
1588687680.0,8888.81,8901.48,8886.96,8893.02,17.73232341
1588687740.0,8869.13,8885.03,8868.48,8875.82,51.83894822
1588687800.0,8875.38,8875.38,8760.1,8789.49,170.22961674
1588687860.0,8794.32,8822.39,8781.39,8808.28,69.7849134
1588687920.0,8807.24,8827.97,8787.51,8823.56,87.05361523
1588687980.0,8828.62,8833.8,8806.43,8823.93,12.33421041
1588688040.0,8833.2,8844.37,8825.72,8831.4,10.5475458
1588688100.0,8822.8,8850.0,8810.72,8850.0,11.72674008
1588688160.0,8849.94,8853.48,8837.45,8847.67,16.63055968
1588688220.0,8853.87,8856.94,8840.63,8851.2,54.41817814
1588688280.0,8850.0,8866.28,8842.92,8842.92,23.18625164
1588688340.0,8849.49,8855.33,8836.25,8842.22,65.0985524
1588688400.0,8836.15,8839.68,8820.39,8829.81,14.97908788
1588688460.0,8835.64,8853.88,8832.17,8853.88,11.81795298
1588688520.0,8849.41,8863.63,8849.41,8863.63,4.72092856
1588688580.0,8853.38,8865.4,8853.28,8860.13,0.58102626
1588688640.0,8865.34,8865.34,8859.85,8859.85,0.89037609
1588688700.0,8866.58,8871.59,8850.12,8850.12,23.75579536
1588688760.0,8859.33,8860.25,8842.39,8855.0,6.94495929
1588688820.0,8855.0,8860.55,8847.78,8859.41,6.27812167
1588688880.0,8855.58,8855.59,8855.58,8855.59,1.0
1588688940.0,8870.29,8870.29,8855.57,8856.42,24.09691203
1588689000.0,8856.2,8866.11,8839.9,8866.11,2.55784985
1588689060.0,8859.19,8871.36,8859.19,8871.36,0.76544634
1588689120.0,8867.54,8872.8,8859.92,8871.52,2.77132813
1588689180.0,8866.0,8871.59,8861.7,8862.86,4.6250723
1588689240.0,8871.4,8871.4,8854.99,8854.99,4.82470173
1588689300.0,8856.0,8859.6,8851.0,8851.0,1.86837693
1588689360.0,8851.0,8864.9,8851.0,8864.9,1.32385418
1588689420.0,8864.28,8871.97,8864.28,8871.97,0.65078641
1588689480.0,8868.84,8879.0,8868.84,8875.25,10.25390548
1588689540.0,8875.54,8875.54,8866.95,8866.95,1.2178147
1588689600.0,8864.37,8868.56,8855.64,8857.4,1.1032607
1588689660.0,8871.29,8871.68,8863.16,8866.47,5.09983924
1588689720.0,8856.09,8856.09,8853.82,8853.82,1.13969322
1588689780.0,8864.13,8865.9,8851.17,8865.9,4.99553259
1588689840.0,8864.57,8867.06,8861.92,8861.92,3.51382907
1588689900.0,8856.3,8864.48,8855.3,8863.21,4.34315302
1588689960.0,8856.7,8860.59,8850.47,8857.0,1.85703145
1588690020.0,8860.67,8860.67,8841.87,8851.64,8.82895578
1588690080.0,8848.62,8857.01,8840.0,8857.01,6.22579636
1588690140.0,8842.34,8861.2,8842.34,8861.2,0.99182174
1588690200.0,8847.85,8858.73,8847.85,8858.73,0.41615094
1588690260.0,8848.0,8858.39,8842.21,8850.38,5.01357251
1588690320.0,8843.41,8850.56,8843.41,8844.88,0.07926024
1588690380.0,8849.89,8849.9,8833.57,8833.57,22.62482673
1588690440.0,8845.56,8845.56,8833.53,8833.53,1.19340158
1588690500.0,8833.38,8842.76,8833.38,8839.55,12.76542936
1588690560.0,8839.7,8842.94,8834.59,8835.07,6.47691485
1588690620.0,8832.98,8840.94,8828.7,8836.67,1.61132293
1588690680.0,8838.04,8859.3,8837.27,8852.51,31.31266781
1588690740.0,8852.75,8870.08,8852.75,8861.68,11.44969772
1588690800.0,8854.1,8857.81,8832.7,8832.7,25.11925644
1588690860.0,8847.88,8854.22,8839.72,8853.43,5.81097935
1588690920.0,8853.43,8866.21,8853.43,8866.21,3.98770064
1588690980.0,8859.33,8881.14,8859.33,8881.14,2.61180887
1588691040.0,8881.14,8886.1,8877.54,8881.42,5.08857218
1588691100.0,8883.24,8885.19,8882.19,8882.19,1.64588525
1588691160.0,8889.34,8893.26,8872.41,8878.83,11.62213588
1588691220.0,8886.37,8888.61,8873.16,8884.46,0.79745761
1588691280.0,8885.07,8887.44,8879.0,8882.83,5.65881638
1588691340.0,8882.83,8888.24,8878.24,8888.24,1.19389738
1588691400.0,8880.92,8895.02,8880.92,8893.33,10.81767788
1588691460.0,8895.3,8897.79,8885.0,8885.0,9.10629905
1588691520.0,8880.53,8880.53,8876.01,8876.01,1.21483588
1588691580.0,8875.0,8878.63,8871.76,8878.63,1.29077035
1588691640.0,8881.7,8883.81,8872.1,8879.5,6.02004045
1588691700.0,8877.24,8879.05,8871.23,8873.31,10.39459118
1588691760.0,8879.83,8903.27,8879.83,8897.94,29.60528893
1588691820.0,8897.18,8906.78,8897.18,8906.78,2.10496608
1588691880.0,8900.75,8903.51,8900.75,8903.51,2.51442493
1588691940.0,8897.42,8902.01,8890.4,8890.4,5.06861999